{
  "version": 2,
  "name": "burgtv-api",
  "functions": {
    "src/app/api/**/*.ts": {
      "runtime": "@vercel/node"
    }
  },
  "routes": [
    {
      "src": "/api/(.*)",
      "dest": "/api/$1",
      "headers": {
        "Access-Control-Allow-Origin": "*",
        "Access-Control-Allow-Methods": "GET, POST, PUT, DELETE, OPTIONS",
        "Access-Control-Allow-Headers": "Content-Type, Authorization, X-API-Key"
      }
    }
  ],
  "env": {
    "NEXT_PUBLIC_SUPABASE_URL": "@supabase_url",
    "NEXT_PUBLIC_SUPABASE_ANON_KEY": "@supabase_anon_key", 
    "SUPABASE_SERVICE_ROLE_KEY": "@supabase_service_key",
    "API_SECRET_KEY": "@api_secret_key",
    "ENVIRONMENT": "production"
  },
  "build": {
    "env": {
      "NEXT_TELEMETRY_DISABLED": "1"
    }
  }
}